
<resources>
    <color name="seed">#6750A4</color>
    <color name="md_theme_light_primary">#6750A4</color>
    <color name="md_theme_light_onPrimary">#FFFFFF</color>
    <color name="md_theme_light_primaryContainer">#E9DDFF</color>
    <color name="md_theme_light_onPrimaryContainer">#22005D</color>
    <color name="md_theme_light_secondary">#625B71</color>
    <color name="md_theme_light_onSecondary">#FFFFFF</color>
    <color name="md_theme_light_secondaryContainer">#E8DEF8</color>
    <color name="md_theme_light_onSecondaryContainer">#1E192B</color>
    <color name="md_theme_light_tertiary">#7E5260</color>
    <color name="md_theme_light_onTertiary">#FFFFFF</color>
    <color name="md_theme_light_tertiaryContainer">#FFD9E3</color>
    <color name="md_theme_light_onTertiaryContainer">#31101D</color>
    <color name="md_theme_light_error">#BA1A1A</color>
    <color name="md_theme_light_errorContainer">#FFDAD6</color>
    <color name="md_theme_light_onError">#FFFFFF</color>
    <color name="md_theme_light_onErrorContainer">#410002</color>
    <color name="md_theme_light_background">#FFFBFF</color>
    <color name="md_theme_light_onBackground">#1C1B1E</color>
    <color name="md_theme_light_surface">#FFFBFF</color>
    <color name="md_theme_light_onSurface">#1C1B1E</color>
    <color name="md_theme_light_surfaceVariant">#E7E0EB</color>
    <color name="md_theme_light_onSurfaceVariant">#49454E</color>
    <color name="md_theme_light_outline">#7A757F</color>
    <color name="md_theme_light_inverseOnSurface">#F4EFF4</color>
    <color name="md_theme_light_inverseSurface">#313033</color>
    <color name="md_theme_light_inversePrimary">#CFBCFF</color>
    <color name="md_theme_light_shadow">#000000</color>
    <color name="md_theme_light_surfaceTint">#6750A4</color>
    <color name="md_theme_light_surfaceTintColor">#6750A4</color>
    <color name="md_theme_dark_primary">#CFBCFF</color>
    <color name="md_theme_dark_onPrimary">#381E72</color>
    <color name="md_theme_dark_primaryContainer">#4F378A</color>
    <color name="md_theme_dark_onPrimaryContainer">#E9DDFF</color>
    <color name="md_theme_dark_secondary">#CBC2DB</color>
    <color name="md_theme_dark_onSecondary">#332D41</color>
    <color name="md_theme_dark_secondaryContainer">#4A4458</color>
    <color name="md_theme_dark_onSecondaryContainer">#E8DEF8</color>
    <color name="md_theme_dark_tertiary">#EFB8C8</color>
    <color name="md_theme_dark_onTertiary">#4A2532</color>
    <color name="md_theme_dark_tertiaryContainer">#633B48</color>
    <color name="md_theme_dark_onTertiaryContainer">#FFD9E3</color>
    <color name="md_theme_dark_error">#FFB4AB</color>
    <color name="md_theme_dark_errorContainer">#93000A</color>
    <color name="md_theme_dark_onError">#690005</color>
    <color name="md_theme_dark_onErrorContainer">#FFDAD6</color>
    <color name="md_theme_dark_background">#1C1B1E</color>
    <color name="md_theme_dark_onBackground">#E6E1E6</color>
    <color name="md_theme_dark_surface">#1C1B1E</color>
    <color name="md_theme_dark_onSurface">#E6E1E6</color>
    <color name="md_theme_dark_surfaceVariant">#49454E</color>
    <color name="md_theme_dark_onSurfaceVariant">#CAC4CF</color>
    <color name="md_theme_dark_outline">#948F99</color>
    <color name="md_theme_dark_inverseOnSurface">#1C1B1E</color>
    <color name="md_theme_dark_inverseSurface">#E6E1E6</color>
    <color name="md_theme_dark_inversePrimary">#6750A4</color>
    <color name="md_theme_dark_shadow">#000000</color>
    <color name="md_theme_dark_surfaceTint">#CFBCFF</color>
    <color name="md_theme_dark_surfaceTintColor">#CFBCFF</color>
    <color name="FFD8E4">#FFD8E4</color>
</resources>
